cryptic_site,count,sequence,len
CAS031,0.6429,AAGCACGACCTCCACAACAGAGGTTGCTGTTGTGGAGGTTGCTCAA,46
CAS036,0.5686,TGCCAGTTTGTCCACCACTGAGGTCTCAGTTCCTAGCATAGTGTCC,46
CAS153,0.537,GTGGGTTGTGTATACATCTGCTGTTGCAGATGTATAAGACGACTTA,46
CAS002,0.5047,TACCCTGGCTTCTTCTACAGAGGTCTCTGTCTTTTAAATTTTGTCA,46
CAS027,0.483,ACTGTTGGCTTTGACAATAGTAGTTTCAGTGGAGTAATACATGTAT,46
CAS007,0.4207,CTTCTGCTTGCTGACAGCTGAGGTTCCTATTGCCAAGATCTCTGCA,46
CAS6055,0.4124,AGTTGAGCCTTGAACAACAGGGGTTTCAACTGTGTGGATCCACTTA,46
CAS2801,0.3821,CTCATGCCTTTCCACAATTGAAGTGTCTGTTGCGTGGATCACCATC,46
CAS008,0.3693,TCCAGGCTTGTCCACAGTTGTAGTCTCCATGGGAGAAGCAGCTTCT,46
CAS2949,0.3613,TCTTTGAGTTTAGACCACTGCTGTCTCTGCTGCTGGTATTTTTTGA,46
CAS029,0.3576,CCCCCTTTTTTATACATCTGATGTTGCTGTTGAATAAACCAGGTCA,46
CAS009,0.3379,GATTGGTTTGGTCACCATTGCCGTCTCCACTGTGTAGACAAGATAT,46
CAS1463,0.2948,ATTAAACTTTATGGCAACAGCTGTCTCAGTTGTCGAATCAAAATTA,46
CAS023,0.262,CCGTGCAGCTTCAGCCTCTGCCGTCTCAGCTGAGCAAGCAGGAGGC,46
CAS024,0.2499,GAGAATTGCTTCAACTGCAGAGGTTGCAGTGAGCCAAGATTGCACC,46
CAS004,0.2165,AGAAACAGCTCCAACTTCAGAGGTTGCTGCAGGATAAACTCAGAAA,46
CAS5478,0.1967,ATGGCATGCTTTGACAGCTGGGGTACCTGTTGAATAATTTCTCTGT,46
CAS4806,0.156,CTCTGTGACTTAAAGGACTGTTGTCTCTATTGTCTAAACCTATACA,46
CAS4310,0.1548,CTATGGTGTGGCAGCTACAGTGGTAGCAGTGGTGGAAGCCATGGAT,46
CAS3490,0.123,ACTGCATATTTTGACCACAGAGGTTTCTGATATCTAAATAATATTT,46
CAS013,0.1214,AACAGTATTGAATGCAATTGATGTCACAGTTGTCAGAAAACTTCCT,46
CAS4702,0.1199,ATTGGTGATTTTGACAAGAGAAGTTTCAGTGGAGTAGTACAGGGAA,46
CAS1823,0.1154,GAGTCACGTTATCACTACAGCAGTCTCTATTGTTTAATGCCCCACT,46
CAS1341,0.1111,ATTTTATATATGCACAACTGTGGTTTCTGTAGTCCAAACTCTATTT,46
CAS1044,0.1084,GGATGGTATTCATGCCATTGAGGTCACAGTGGTTTAACACAACAGC,46
CAS4025,0.1032,TATAGCAGCTTCAACCATTGAAGTATCTGTTCTTAAGGAATAAAAG,46
CAS005,0.0948,TGGCTCTGCTTTCACAACAGAGGTTTCATCAGTAACAACATATGTC,46
CAS4248,0.0863,AGATGGACTCCTGACAAGGGAAGTAGCTGTGGGAGAAGCCTCCGGA,46
CAS5264,0.0837,TTCTCCAGCCTCAACCTCTGTAGTCTCTGTAGTTGGGACTCTAAGT,46
CAS964,0.082,TCTTTCTGCTGTTCTAACTGCAGTCTCGGTGGTTAGAATCACTAGG,46
CAS421,0.0758,GTTTGGTTTGTTTGCAACGGCAGTGACGGAGGTTGGGAGCCAGGCT,46
CAS1834,0.0739,TGAAAGTTTGTACATCACTGAAGTGGCAGTAGTCTGATCAGTTAGG,46
CAS1230,0.0698,AATTTGAGTTCCTGCCACAGAAGTGGCAGCAGTACAAGCTGTGGTA,46
CAS6083,0.0669,TGTACCTGCTCCTCCAACAGCAGTTGCCTCCGTATAAGCTTAAAGC,46
CAS5909,0.0668,TTATGTGATCCTGGCCTTAGAGGTGGCCATTGCAAAAGCCAGTATT,46
CAS196,0.0657,GGGGCTGCAGCTGCCAACTGCAGTCTCTGTAGGAAACAAACTTTCT,46
CAS1611,0.0588,AAAACAGATCTCTACCTCTGAGGTGGCAGTAATCCAAGCAGTTACT,46
CAS985,0.056,CAGAAAGGATTCAACAGCTGCAGTCTCTAAAACTTACAAACCTTCT,46
CAS3427,0.0554,CAGCCTGATTTACAGGAGGGAGGTTTCAGTTGATTAGATCAAGCTT,46
CAS4308,0.0554,ATTGAGACCTTTGACAATAGAGGAGTCTGTTGTCAAGGCAGAGGAG,46
CAS1451,0.0533,GTTCTGCCCTTCCACCTCTGCAGTCGCTGCTGTCACAGCTCCTTGA,46
CAS003,0.0525,TTAGTGGATTCAGACAACTGCCGTGGCTGTGATTTAGGAATCCTGC,46
CAS4378,0.052,ATTTAGCATTTCAACTACTGCTGTTCCTATGGCAGAAATCTAGGGC,46
CAS026,0.0507,TCACCTGGTCCCAGCAACAGAAGTCTCAGCTGGACACACAACATGC,46
CAS3471,0.0488,ATGTAGTGTCCCTTCCACTGATGTTTCTGATGGACACAAACCACCC,46
CAS571,0.0388,TACATGGTGGCTGATAACTGAGGTGGCAGAGGTGGAAGCCATGAAG,46
CAS2853,0.0354,CACCACCCATATGGCAACGGAGGTGGCTGTGGTGAGGAGCACAAAG,46
CAS5699,0.0353,ATGGTATGTCTTGACTTCAGCCGTGTCTGTATTTGACAAACTTCCA,46
CAS1991,0.0346,AACATCAGCTTACAGAACAGGAGTCTCAGTCGTCAGCCACTGAACA,46
CAS1056,0.0335,CAACAGTTTGTGTGTAACAGGCGTTACAGTGGGGAGAAGCCAGGGT,46
CAS4174,0.0333,TAATTAAGCTTTGACAACTGAAGTTTCTATGGATTGGGACCTCAAA,46
CAS3104,0.0293,TGAGCTGATTGGCATAACAGCAGTACCTGTGGTTGAGAGTCCCCAG,46
CAS957,0.0285,TCATGCGTCTTCTCCTTTTGAGGTCACTGTAGTCATGACTCTTGCT,46
CAS033,0.0278,CTTGATTTCTTCTCCCTCAGCAGTGTCTGTGGCACAAGCATGCCTG,46
CAS2894,0.0207,TCGCATTGCTGTGACAATTGCTGTTACAGAAGGAGAAGCAGGGAGC,46
CAS032,0.0201,ATGGGTGATTTGCTCAGTGGCAGTGGCAGTGGCAGAAGAAAGGGAA,46
CAS5513,0.0197,CTGAGGGAGCTAGACCATAGCCGTCGCTGCTGTGAGACACAGGGAG,46
CAS019,0.0189,AAACAGGACTTGTTCAACAGAGGTCACCGTGGATGAAGTTCATAGA,46
CAS1364,0.0184,CTTAATATTGTAAACTGCTGCTGTTGCTGTGGTTTCTATCCAGATA,46
CAS4514,0.018,AGGCCTGATGCAGGAGACAGCAGTGGCAGTGGTAGAAGCAGAAAGT,46
CAS5381,0.0164,GAAGCAGCTCCTGAACACAGCAGTCCCAGGTGTTGAAAAGCCAGGA,46
CAS2773,0.0158,CCAGGTTTTGGTGGCCACAGAAGTTGCGGTTGGATACAAAGAACTT,46
CAS441,0.0148,GAGGGCTTTGTTGACAGCTGCTGTGTCAGCAGGGGACAAAGCACCT,46
CAS5238,0.0148,CTGAGGTGTCTTTTCAGCCGAAGTCCCTGTGGTGGGAACCACTGAT,46
CAS3508,0.0145,AGCTATGGAGCTCAGAATAGAGGTCTCTGCTGGAGACAAAAACTTG,46
CAS5125,0.0128,GTTTTTAGCTTTATCTATTGATGTCTCAGTAGACTGAAAACTTTCT,46
CAS1945,0.0124,AGGTGGTTCCCTGATCATAGAGGTGGCAGTGGTGCAGCCAGTGCTA,46
CAS3317,0.0123,ATTTCTGGCTTGAGCAACAGAGGTTGCTGAGGGTGGAAGAGCTCCC,46
CAS5757,0.012,CCTTCGTGTCTCAACAAGTGAGGTTGCCCTTGTGAGGACCAGTTCT,46
CAS1488,0.0115,CGCTTGAACTTGGACAGCAGAGGTTGCAGTGAGCCAAGATCGCGGC,46
CAS4464,0.0093,GTTACGTAGAAGTCCAACAGAGGTCTCAGTGGTCTAAAATCAAGGT,46
CAS5607,0.0093,TAGGATTGGTTTTACAACTGAAGTCTCCAGAGTTCAAGATAAGCTC,46
CAS1504,0.009,CCCCTGCGTCTACATGACCGAGGTCGCTGTGGTCTCGGCCTCCCTG,46
CAS3396,0.009,TCCCTATGCTTCTTCAGCAACGGTCTCTATTGTCGGAGTCTGAGCT,46
CAS2995,0.0073,AGCCCCTGCTTGTTCTGCTGGAGTCTCTGCTGTTGAGTGCAGTCCC,46
CAS6077,0.0073,GGTATGTTTTCTCTCCTCTGGAGTCTCTGTGGTGTTGACACAGCAG,46
CAS4668,0.007,TTCAACTGGCTGTTCCTCTGCAGTCGCAGTTGGAGAGGCACTTTTG,46
CAS4013,0.0065,ATCTAGATATTTGACCACTGCTGTTGCTGTGGCCCAGGCCCAAGCC,46
CAS164,0.0062,TGTCGCTTTGGTCACCACAGGTGTCTCTGTAACCTGCAAACTCTTA,46
CAS4716,0.0057,TGTAGACTTTCTTACCACAGCTGTCACAGTTGGCAAAGGTAATGGT,46
CAS445,0.0049,GAGAGGCATCTCTTCGATAGAGGTTTCTGAAGTGATGAAACCAAAC,46
CAS4562,0.0047,CCTATTGTTTCCCCACTTCTGTGGTTACAGTGGTTAAGAGTACAGC,46
CAS5794,0.0044,AGTGACAGCTGCGGTAGCTGCGGTAGCAGTGGTGGAGTGACAGCTG,46
CAS4247,0.0035,CGAGGTGCCTTCCCCTGCAGTGGTCTCAGTGGTCTGGATGGAGGCA,46
CAS6093,0.0035,GAGAATTGCTTGAACCTCGGAGGTGGCGGTTGCAGTGAGCTGAGAT,46
CAS1017,0.0032,TGACACGGCTTCAGCAGCAGAGGTACCTGTAATGGGAACTGCAATT,46
CAS955,0.003,GGACAGTTCTTCTACCATGGAAGTCTCTGTGGTTCCTTCTCAAGTG,46
CAS1950,0.0029,TCTCCGCCCCTCTGCAACAGATGTTTCAGCCGTGTAAGACAAAGGC,46
CAS4079,0.0026,CGCCTGAATTTGGGCGGCAGAGGTTGCAGTTAGCCAAGATCCTGCC,46
CAS4893,0.0026,GCTCTGAATTCCTGCAACAGCGGTCCCAGGAGAACAAGAGACAGGT,46
CAS1103,0.0019,CAATTGGTCTTTTACCTCAGGAGTCTCTGAGGTCATAAACTCTGTT,46
CAS5105,0.0019,AAAGAGATACTTGATAGCTGCTGTTTCCGTGGTTGAAATATTTGTG,46
CAS3819,0.0015,TACGGTTTAGTTCACCACAGAGGTTGCCAGTGAGCAGTGCATAAGA,46
CAS5141,0.0015,CTCAGTGATTTTAACGCCAGTTGTTTCAGTTGCTAAAACTAGTACC,46
CAS1173,0.0012,GAGGTTAGCTTTGACATGGGCTGTTGCAGTGGTCGGTGACTAGGTA,46
CAS4864,0.0011,TTGCTTACCTTAGACTTTTGAAGTCTCAGTTGTCTCATTGTGCAAC,46
CAS6250,0.0009,CAGCAGGGGTAGAACCACTGCTGTGGCAGTGGCAGAAGGGCTGTTG,46
CAS978,0.0007,AGCCTCTCCTTCTCCATCTGCAGTTGCTGCAGTCGCATCTGTTGCT,46
CAS6354,0.0004,AGTGGGGATCCAGGCTACAGGAGTGGCAGATGTCAGACCACCTCTC,46
CAS022,0.0003,AAGATTGATCTCTGTGACAGTGGTCTTTGTAGTCAGCTAAATTTAA,46
CAS6194,0.0002,CAACAAGGACAGTACCACTGCAGTGGCAGTGGCAGAGGCAGAGGAG,46
CAS965,0.0002,CTTCACCACTCCTAACCACAGAAGCACCTGTTGTCAGCAAATTCAG,46
CAS159,0,TTCTCTGGCTTCTCCACTTGGGGTGGCCGAGGTCAGGAGGGCCCAA,46
CAS446,0,TACTGGTTTATTTACTTCTGAGGTCTGAGTGGTGGAAGGATAGCCT,46
CAS4630,0,GCAGGAAAGAAAAACATCTGAGGTCTCAGTGGTCTGAAAGAATTAG,46