id,seq
CAS421,GTTTGGTTTGTTTGCAACGGCAGTGACGGAGGTTGGGAGCCAGGCT
CAS008,TCCAGGCTTGTCCACAGTTGTAGTCTCCATGGGAGAAGCAGCTTCT
CAS023,CCGTGCAGCTTCAGCCTCTGCCGTCTCAGCTGAGCAAGCAGGAGGC
CAS007,CTTCTGCTTGCTGACAGCTGAGGTTCCTATTGCCAAGATCTCTGCA
CAS004,AGAAACAGCTCCAACTTCAGAGGTTGCTGCAGGATAAACTCAGAAA
CAS1056,CAACAGTTTGTGTGTAACAGGCGTTACAGTGGGGAGAAGCCAGGGT
CAS031,AAGCACGACCTCCACAACAGAGGTTGCTGTTGTGGAGGTTGCTCAA
CAS196,GGGGCTGCAGCTGCCAACTGCAGTCTCTGTAGGAAACAAACTTTCT
CAS024,GAGAATTGCTTCAACTGCAGAGGTTGCAGTGAGCCAAGATTGCACC
CAS4668,TTCAACTGGCTGTTCCTCTGCAGTCGCAGTTGGAGAGGCACTTTTG
CAS6055,AGTTGAGCCTTGAACAACAGGGGTTTCAACTGTGTGGATCCACTTA
CAS005,TGGCTCTGCTTTCACAACAGAGGTTTCATCAGTAACAACATATGTC
CAS965,TTCACCACTCCTAACCACAGAAGCACCTGTTGTCAGCAAATTCAGA
CAS032,ATGGGTGATTTGCTCAGTGGCAGTGGCAGTGGCAGAAGAAAGGGAA
CAS4310,CTATGGTGTGGCAGCTACAGTGGTAGCAGTGGTGGAAGCCATGGAT
CAS036,TGCCAGTTTGTCCACCACTGAGGTCTCAGTTCCTAGCATAGTGTCC
CAS985,CAGAAAGGATTCAACAGCTGCAGTCTCTAAAACTTACAAACCTTCT
CAS159,TTCTCTGGCTTCTCCACTTGGGGTGGCCGAGGTCAGGAGGGCCCAA
CAS019,AAACAGGACTTGTTCAACAGAGGTCACCGTGGATGAAGTTCATAGA
CAS978,AGCCTCTCCTTCTCCATCTGCAGTTGCTGCAGTCGCATCTGTTGCT
CAS3104,TGAGCTGATTGGCATAACAGCAGTACCTGTGGTTGAGAGTCCCCAG
CAS6083,TGTACCTGCTCCTCCAACAGCAGTTGCCTCCGTATAAGCTTAAAGC
CAS1173,GAGGTTAGCTTTGACATGGGCTGTTGCAGTGGTCGGTGACTAGGTA
CAS027,ACTGTTGGCTTTGACAATAGTAGTTTCAGTGGAGTAATACATGTAT
CAS5238,CTGAGGTGTCTTTTCAGCCGAAGTCCCTGTGGTGGGAACCACTGAT
CAS6093,GAGAATTGCTTGAACCTCGGAGGTGGCGGTTGCAGTGAGCTGAGAT
CAS441,GAGGGCTTTGTTGACAGCTGCTGTGTCAGCAGGGGACAAAGCACCT
CAS153,GTGGGTTGTGTATACATCTGCTGTTGCAGATGTATAAGACGACTTA
CAS022,AAGATTGATCTCTGTGACAGTGGTCTTTGTAGTCAGCTAAATTTAA
CAS1451,GTTCTGCCCTTCCACCTCTGCAGTCGCTGCTGTCACAGCTCCTTGA
CAS4013,ATCTAGATATTTGACCACTGCTGTTGCTGTGGCCCAGGCCCAAGCC
CAS6194,CAACAAGGACAGTACCACTGCAGTGGCAGTGGCAGAGGCAGAGGAG
CAS4308,ATTGAGACCTTTGACAATAGAGGAGTCTGTTGTCAAGGCAGAGGAG
CAS4702,ATTGGTGATTTTGACAAGAGAAGTTTCAGTGGAGTAGTACAGGGAA
CAS4248,AGATGGACTCCTGACAAGGGAAGTAGCTGTGGGAGAAGCCTCCGGA
CAS1991,AACATCAGCTTACAGAACAGGAGTCTCAGTCGTCAGCCACTGAACA
CAS571,TACATGGTGGCTGATAACTGAGGTGGCAGAGGTGGAAGCCATGAAG
CAS164,TGTCGCTTTGGTCACCACAGGTGTCTCTGTAACCTGCAAACTCTTA
CAS1017,TGACACGGCTTCAGCAGCAGAGGTACCTGTAATGGGAACTGCAATT
CAS2949,TCTTTGAGTTTAGACCACTGCTGTCTCTGCTGCTGGTATTTTTTGA
CAS2853,CACCACCCATATGGCAACGGAGGTGGCTGTGGTGAGGAGCACAAAG
CAS1364,CTTAATATTGTAAACTGCTGCTGTTGCTGTGGTTTCTATCCAGATA
CAS003,TTAGTGGATTCAGACAACTGCCGTGGCTGTGATTTAGGAATCCTGC
CAS3471,ATGTAGTGTCCCTTCCACTGATGTTTCTGATGGACACAAACCACCC
CAS3317,ATTTCTGGCTTGAGCAACAGAGGTTGCTGAGGGTGGAAGAGCTCCC
CAS1230,AATTTGAGTTCCTGCCACAGAAGTGGCAGCAGTACAAGCTGTGGTA
CAS4174,TAATTAAGCTTTGACAACTGAAGTTTCTATGGATTGGGACCTCAAA
CAS1341,ATTTTATATATGCACAACTGTGGTTTCTGTAGTCCAAACTCTATTT
CAS5381,GAAGCAGCTCCTGAACACAGCAGTCCCAGGTGTTGAAAAGCCAGGA
CAS5264,TTCTCCAGCCTCAACCTCTGTAGTCTCTGTAGTTGGGACTCTAAGT
CAS4562,CTATTGTTTCCCCACTTCTGTGGTTACAGTGGTTAAGAGTACAGCT
CAS4514,AGGCCTGATGCAGGAGACAGCAGTGGCAGTGGTAGAAGCAGAAAGT
CAS4378,ATTTAGCATTTCAACTACTGCTGTTCCTATGGCAGAAATCTAGGGC
CAS002,TACCCTGGCTTCTTCTACAGAGGTCTCTGTCTTTTAAATTTTGTCA
CAS2801,CTCATGCCTTTCCACAATTGAAGTGTCTGTTGCGTGGATCACCATC
CAS5513,CTGAGGGAGCTAGACCATAGCCGTCGCTGCTGTGAGACACAGGGAG
CAS013,AACAGTATTGAATGCAATTGATGTCACAGTTGTCAGAAAACTTCCT
CAS3396,TCCCTATGCTTCTTCAGCAACGGTCTCTATTGTCGGAGTCTGAGCT
CAS4079,CGCCTGAATTTGGGCGGCAGAGGTTGCAGTTAGCCAAGATCCTGCC
CAS009,GATTGGTTTGGTCACCATTGCCGTCTCCACTGTGTAGACAAGATAT
CAS1823,GAGTCACGTTATCACTACAGCAGTCTCTATTGTTTAATGCCCCACT
CAS1463,ATTAAACTTTATGGCAACAGCTGTCTCAGTTGTCGAATCAAAATTA
CAS4806,CTCTGTGACTTAAAGGACTGTTGTCTCTATTGTCTAAACCTATACA
CAS1834,TGAAAGTTTGTACATCACTGAAGTGGCAGTAGTCTGATCAGTTAGG
CAS1611,AAAACAGATCTCTACCTCTGAGGTGGCAGTAATCCAAGCAGTTACT
CAS4025,TATAGCAGCTTCAACCATTGAAGTATCTGTTCTTAAGGAATAAAAG
CAS2773,CCAGGTTTTGGTGGCCACAGAAGTTGCGGTTGGATACAAAGAACTT
CAS029,CCCCCTTTTTTATACATCTGATGTTGCTGTTGAATAAACCAGGTCA
CAS445,GAGAGGCATCTCTTCGATAGAGGTTTCTGAAGTGATGAAACCAAAC
CAS6354,AGTGGGGATCCAGGCTACAGGAGTGGCAGATGTCAGACCACCTCTC
CAS4716,TGTAGACTTTCTTACCACAGCTGTCACAGTTGGCAAAGGTAATGGT
CAS3819,TACGGTTTAGTTCACCACAGAGGTTGCCAGTGAGCAGTGCATAAGA
CAS5909,TTATGTGATCCTGGCCTTAGAGGTGGCCATTGCAAAAGCCAGTATT
CAS026,TCACCTGGTCCCAGCAACAGAAGTCTCAGCTGGACACACAACATGC
CAS5141,CTCAGTGATTTTAACGCCAGTTGTTTCAGTTGCTAAAACTAGTACC
CAS3427,CAGCCTGATTTACAGGAGGGAGGTTTCAGTTGATTAGATCAAGCTT
CAS1488,CGCTTGAACTTGGACAGCAGAGGTTGCAGTGAGCCAAGATCGCGGC
CAS964,TCTTTCTGCTGTTCTAACTGCAGTCTCGGTGGTTAGAATCACTAGG
CAS2995,AGCCCCTGCTTGTTCTGCTGGAGTCTCTGCTGTTGAGTGCAGTCCC
CAS1950,TCTCCGCCCCTCTGCAACAGATGTTTCAGCCGTGTAAGACAAAGGC
CAS4893,GCTCTGAATTCCTGCAACAGCGGTCCCAGGAGAACAAGAGACAGGT
CAS3490,ACTGCATATTTTGACCACAGAGGTTTCTGATATCTAAATAATATTT
CAS5607,TAGGATTGGTTTTACAACTGAAGTCTCCAGAGTTCAAGATAAGCTC
CAS957,TCATGCGTCTTCTCCTTTTGAGGTCACTGTAGTCATGACTCTTGCT
CAS3508,AGCTATGGAGCTCAGAATAGAGGTCTCTGCTGGAGACAAAAACTTG
CAS5699,ATGGTATGTCTTGACTTCAGCCGTGTCTGTATTTGACAAACTTCCA
CAS2894,TCGCATTGCTGTGACAATTGCTGTTACAGAAGGAGAAGCAGGGAGC
CAS5478,ATGGCATGCTTTGACAGCTGGGGTACCTGTTGAATAATTTCTCTGT
CAS1103,CAATTGGTCTTTTACCTCAGGAGTCTCTGAGGTCATAAACTCTGTT
CAS1044,GGATGGTATTCATGCCATTGAGGTCACAGTGGTTTAACACAACAGC
CAS018,CAAAGCCTCTTTGACACCAGCAGTCTCTGTAATTGGCACACTGGCT
CAS1373,CAAAATGATGTAGGCAATGGCAGTAGCAGTGGTGGGAAAACCCTCT
CAS3354,TGGTTTTTATTAGACTTCGGCAGTCTCAAAGGAGAAAGCTGCAAAC
CAS3173,GAGGAGGGTTGCTACAGCTGAGGTCTCAGCTGGTGCAGCACAAAAG
CAS4083,TCCTTGTTTGTATTCCACTGTCGTCACTGCTGTTGAGAGCTCGAAG
CAS5322,AATGGCAATATTGACAACTGAAGTCTCAATGATGAAAGGCAAGAGA
CAS5156,GGCCAGAGCTTGGACTAATGAGGTTACAGCTGTCAGGGTTAATCAA
CAS3397,ATGCTCGTCTTTAAACACTGTAGTAGCAGTTACTGAAGAATGGTAG
CAS4158,CCACCCTCCTTCTCCTGCGGGTGTTTCTGTGGTTTAGTACACAGAA
CAS3656,CGTCTCAGCTTCTACTGCGGAAGTCTCGGTTATGTGATTATGTATA
CAS5938,TGGCTTGTTGGCCTCAGCTGAGGTTGCTGCTGTGGAAGAACCTCAC
CAS5509,CCCTCTTGCTTTCACAGCCGCAGTGGCTACCACCAACAAAAAATTA
CAS011,TCTTGCAGCTTCCACCACTGCTGTCTCAGAACACTGAAACTTACTA
CAS5268,TTCTCCAGCCTCAACCTCTGTAGTCTCTGTAGTTGGGACTCTAAGT
CAS1067,ATTTAGAATCTTAGCAACTGCAGTCACCGTGGCCAAATTCTAACCC
CAS647,TTCATTGTCTTTAACTTCTGGTGTTGCTGTTGAGAAGGCTGAAGCC
CAS4842,CCCCGGTTTTCTGTCACTTGCAGTCACAGGAGTGTGGACCTGGGGA
CAS1852,GGACGGCTCCACCACCACGGCAGTGGCAGTAGTGGAGATCCTTGAT
CAS471,TTTTCATGATTCCAACCCAGAGGTCTCAGTTGTGAAAAGTTTCTTT
CAS4043,AGTCAAAAATCTGACAACGGTAGTCTCTGTTGATCAAAAATCCTTG
CAS5446,ACATAGTATTTAGACTACTGAAGTAACTACTGCAATAAAACTGGAA
CAS3285,GCCATAATATTTCACAACAGAAGTCTCAAGTGTAAAGACTCAAGAG
CAS4516,CCAGAAGTTTTCTACAACTGAGGTGACAGTTGCCTAAGGATACAGC
CAS4873,GATGAGGGTCTGAACCACAGCAGTGGCAGAGGGTGAAGAAGAAGGG
CAS6250,CAGCAGGGGTAGAACCACTGCTGTGGCAGTGGCAGAAGGGCTGTTG
CAS2821,TGAGGCTGCTTCACCCACAGCGGTGGCTATAAATGAAGGTAACTGT
CAS3972,AGTGTGGATTTCCACAGGTGAGGTTTCCAGGGTCAGGACACATTAA
CAS1201,GAGGCTAACTTACACATTTGCTGTTGCTATTGTGTAAATATGAATA
CAS6216,GTTGGTGGTTTGGACCAGGGTGGTAGCAGTGGTCAGAATATGCATA
CAS5432,TTCCTGGATGTCTGCATCAGCTGTCCCTGCTGTCAAGATTTCTCCC
CAS5871,CTGAAGTTTTTGAACATCTGCTGTGGCTGTTCTATGAACCACCACC
CAS134,GAAGGTGTTTTTTACCACTGCAGTACCAGTAGCCAGTAGCCCAGGT
CAS5984,TGTGTGTTTCTTTACCATTGAAGTGGCAGATGTTATGACACTACCC
CAS6079,CTTTATGGTTTTTACAACTGCTGTTACAATGTTCTAAACACTGTGA
CAS3438,TCTTAGAGTTTAGACAATTGAGGTCCCTGTCCTCAAGATTTGATCT
CAS5946,TGCAGAGGTATTGACAACAGTGGTCACAGTTGTGGCGTGATGAAAT
CAS487,CTGTTGTCTCTAGACCACAGCAGTCTCACCTGTAGAAAATGGTGCT
CAS3001,TGTCCTTGCCGCATCAACTGGGGTCTCCAAGGTGGAAGCTGGTGCA
CAS4777,GTAGAGTTCTCTGACACCAGCTGTTTCTGTTGTGAGTATAGAGTGA
CAS4757,TCAGAATGCTTTCACAAGGGAAGTCTCTAGTGGCATCAAACCACAA
CAS4979,ACATGGTGTTCCCATGGCTGCAGTGGCTGTTGTGAGGCTACTCTGG
CAS4412,GTTAAATATTTAAACAACAGTTGTCTCCTTTGTCTAAAGACCCACA
CAS5183,TGCAGCCTCTCCTCCATCTGCAGTTGCTGTGGTCGCATCTGTCGCT
CAS1468,GCCTGTAATCCCAACAACTCCAGTGGCCGAGGTAGAAGCATAGCTT
CAS4864,TTGCTTACCTTAGACTTTTGAAGTCTCAGTTGTCTCATTGTGCAAC
CAS033,CTTGATTTCTTCTCCCTCAGCAGTGTCTGTGGCACAAGCATGCCTG
CAS077,GCTGTTGCTTCACATATTTGGGGTCTCCGTTGTTAAAGCACATATG
CAS5950,TTAATCTTGTTGCACAACTGATGTTTCTGTGGTCAAAGATTTCCCT
CAS5499,CTCACAAGATGCATCTCCTGCAGTCTCTGTGGTGAGAATCCAGGTC
CAS4416,ATATAGTGTTCTCACTACTGCCGTTGCTACCACCTGAGCTAAAGCC
CAS4445,GTCTTGGCATTTGATAACTGAGGTACCAATTGGAGAATTTCTTTAT
CAS3530,AGGCCTGTCTTCAACAATGGCAGTCACAATTATCTGAATTGCTTTA
