seq,value
AAGCACGACCTCCACAACAGAGGTTGCTGTTGTGGAGGTTGCTCAA,1
TGCCAGTTTGTCCACCACTGAGGTCTCAGTTCCTAGCATAGTGTCC,2
GTGGGTTGTGTATACATCTGCTGTTGCAGATGTATAAGACGACTTA,3
TACCCTGGCTTCTTCTACAGAGGTCTCTGTCTTTTAAATTTTGTCA,4
ACTGTTGGCTTTGACAATAGTAGTTTCAGTGGAGTAATACATGTAT,5
CTTCTGCTTGCTGACAGCTGAGGTTCCTATTGCCAAGATCTCTGCA,6
AGTTGAGCCTTGAACAACAGGGGTTTCAACTGTGTGGATCCACTTA,7
CTCATGCCTTTCCACAATTGAAGTGTCTGTTGCGTGGATCACCATC,8
TCCAGGCTTGTCCACAGTTGTAGTCTCCATGGGAGAAGCAGCTTCT,9
TCTTTGAGTTTAGACCACTGCTGTCTCTGCTGCTGGTATTTTTTGA,10
CCCCCTTTTTTATACATCTGATGTTGCTGTTGAATAAACCAGGTCA,11
GATTGGTTTGGTCACCATTGCCGTCTCCACTGTGTAGACAAGATAT,12
ATTAAACTTTATGGCAACAGCTGTCTCAGTTGTCGAATCAAAATTA,13
CCGTGCAGCTTCAGCCTCTGCCGTCTCAGCTGAGCAAGCAGGAGGC,14
GAGAATTGCTTCAACTGCAGAGGTTGCAGTGAGCCAAGATTGCACC,15
AGAAACAGCTCCAACTTCAGAGGTTGCTGCAGGATAAACTCAGAAA,16
ATGGCATGCTTTGACAGCTGGGGTACCTGTTGAATAATTTCTCTGT,17
CTCTGTGACTTAAAGGACTGTTGTCTCTATTGTCTAAACCTATACA,18
CTATGGTGTGGCAGCTACAGTGGTAGCAGTGGTGGAAGCCATGGAT,19
ACTGCATATTTTGACCACAGAGGTTTCTGATATCTAAATAATATTT,20
AACAGTATTGAATGCAATTGATGTCACAGTTGTCAGAAAACTTCCT,21
ATTGGTGATTTTGACAAGAGAAGTTTCAGTGGAGTAGTACAGGGAA,22
GAGTCACGTTATCACTACAGCAGTCTCTATTGTTTAATGCCCCACT,23
ATTTTATATATGCACAACTGTGGTTTCTGTAGTCCAAACTCTATTT,24
GGATGGTATTCATGCCATTGAGGTCACAGTGGTTTAACACAACAGC,25
TATAGCAGCTTCAACCATTGAAGTATCTGTTCTTAAGGAATAAAAG,26
TGGCTCTGCTTTCACAACAGAGGTTTCATCAGTAACAACATATGTC,27
AGATGGACTCCTGACAAGGGAAGTAGCTGTGGGAGAAGCCTCCGGA,28
TTCTCCAGCCTCAACCTCTGTAGTCTCTGTAGTTGGGACTCTAAGT,29
TCTTTCTGCTGTTCTAACTGCAGTCTCGGTGGTTAGAATCACTAGG,30
GTTTGGTTTGTTTGCAACGGCAGTGACGGAGGTTGGGAGCCAGGCT,31
TGAAAGTTTGTACATCACTGAAGTGGCAGTAGTCTGATCAGTTAGG,32
AATTTGAGTTCCTGCCACAGAAGTGGCAGCAGTACAAGCTGTGGTA,33
TGTACCTGCTCCTCCAACAGCAGTTGCCTCCGTATAAGCTTAAAGC,34
TTATGTGATCCTGGCCTTAGAGGTGGCCATTGCAAAAGCCAGTATT,35
GGGGCTGCAGCTGCCAACTGCAGTCTCTGTAGGAAACAAACTTTCT,36
AAAACAGATCTCTACCTCTGAGGTGGCAGTAATCCAAGCAGTTACT,37
CAGAAAGGATTCAACAGCTGCAGTCTCTAAAACTTACAAACCTTCT,38
CAGCCTGATTTACAGGAGGGAGGTTTCAGTTGATTAGATCAAGCTT,39
ATTGAGACCTTTGACAATAGAGGAGTCTGTTGTCAAGGCAGAGGAG,40
GTTCTGCCCTTCCACCTCTGCAGTCGCTGCTGTCACAGCTCCTTGA,41
TTAGTGGATTCAGACAACTGCCGTGGCTGTGATTTAGGAATCCTGC,42
ATTTAGCATTTCAACTACTGCTGTTCCTATGGCAGAAATCTAGGGC,43
TCACCTGGTCCCAGCAACAGAAGTCTCAGCTGGACACACAACATGC,44
ATGTAGTGTCCCTTCCACTGATGTTTCTGATGGACACAAACCACCC,45
TACATGGTGGCTGATAACTGAGGTGGCAGAGGTGGAAGCCATGAAG,46
CACCACCCATATGGCAACGGAGGTGGCTGTGGTGAGGAGCACAAAG,47
ATGGTATGTCTTGACTTCAGCCGTGTCTGTATTTGACAAACTTCCA,48
AACATCAGCTTACAGAACAGGAGTCTCAGTCGTCAGCCACTGAACA,49
CAACAGTTTGTGTGTAACAGGCGTTACAGTGGGGAGAAGCCAGGGT,50
TAATTAAGCTTTGACAACTGAAGTTTCTATGGATTGGGACCTCAAA,51
TGAGCTGATTGGCATAACAGCAGTACCTGTGGTTGAGAGTCCCCAG,52
TCATGCGTCTTCTCCTTTTGAGGTCACTGTAGTCATGACTCTTGCT,53
CTTGATTTCTTCTCCCTCAGCAGTGTCTGTGGCACAAGCATGCCTG,54
TCGCATTGCTGTGACAATTGCTGTTACAGAAGGAGAAGCAGGGAGC,55
ATGGGTGATTTGCTCAGTGGCAGTGGCAGTGGCAGAAGAAAGGGAA,56
CTGAGGGAGCTAGACCATAGCCGTCGCTGCTGTGAGACACAGGGAG,57
AAACAGGACTTGTTCAACAGAGGTCACCGTGGATGAAGTTCATAGA,58
CTTAATATTGTAAACTGCTGCTGTTGCTGTGGTTTCTATCCAGATA,59
AGGCCTGATGCAGGAGACAGCAGTGGCAGTGGTAGAAGCAGAAAGT,60
GAAGCAGCTCCTGAACACAGCAGTCCCAGGTGTTGAAAAGCCAGGA,61
CCAGGTTTTGGTGGCCACAGAAGTTGCGGTTGGATACAAAGAACTT,62
GAGGGCTTTGTTGACAGCTGCTGTGTCAGCAGGGGACAAAGCACCT,63
CTGAGGTGTCTTTTCAGCCGAAGTCCCTGTGGTGGGAACCACTGAT,64
AGCTATGGAGCTCAGAATAGAGGTCTCTGCTGGAGACAAAAACTTG,65
GTTTTTAGCTTTATCTATTGATGTCTCAGTAGACTGAAAACTTTCT,66
AGGTGGTTCCCTGATCATAGAGGTGGCAGTGGTGCAGCCAGTGCTA,67
ATTTCTGGCTTGAGCAACAGAGGTTGCTGAGGGTGGAAGAGCTCCC,68
CCTTCGTGTCTCAACAAGTGAGGTTGCCCTTGTGAGGACCAGTTCT,69
CGCTTGAACTTGGACAGCAGAGGTTGCAGTGAGCCAAGATCGCGGC,70
GTTACGTAGAAGTCCAACAGAGGTCTCAGTGGTCTAAAATCAAGGT,71
TAGGATTGGTTTTACAACTGAAGTCTCCAGAGTTCAAGATAAGCTC,72
CCCCTGCGTCTACATGACCGAGGTCGCTGTGGTCTCGGCCTCCCTG,73
TCCCTATGCTTCTTCAGCAACGGTCTCTATTGTCGGAGTCTGAGCT,74
AGCCCCTGCTTGTTCTGCTGGAGTCTCTGCTGTTGAGTGCAGTCCC,75
GGTATGTTTTCTCTCCTCTGGAGTCTCTGTGGTGTTGACACAGCAG,76
TTCAACTGGCTGTTCCTCTGCAGTCGCAGTTGGAGAGGCACTTTTG,77
ATCTAGATATTTGACCACTGCTGTTGCTGTGGCCCAGGCCCAAGCC,78
TGTCGCTTTGGTCACCACAGGTGTCTCTGTAACCTGCAAACTCTTA,79
TGTAGACTTTCTTACCACAGCTGTCACAGTTGGCAAAGGTAATGGT,80
GAGAGGCATCTCTTCGATAGAGGTTTCTGAAGTGATGAAACCAAAC,81
CCTATTGTTTCCCCACTTCTGTGGTTACAGTGGTTAAGAGTACAGC,82
AGTGACAGCTGCGGTAGCTGCGGTAGCAGTGGTGGAGTGACAGCTG,83
CGAGGTGCCTTCCCCTGCAGTGGTCTCAGTGGTCTGGATGGAGGCA,84
GAGAATTGCTTGAACCTCGGAGGTGGCGGTTGCAGTGAGCTGAGAT,85
TGACACGGCTTCAGCAGCAGAGGTACCTGTAATGGGAACTGCAATT,86
GGACAGTTCTTCTACCATGGAAGTCTCTGTGGTTCCTTCTCAAGTG,87
TCTCCGCCCCTCTGCAACAGATGTTTCAGCCGTGTAAGACAAAGGC,88
CGCCTGAATTTGGGCGGCAGAGGTTGCAGTTAGCCAAGATCCTGCC,89
GCTCTGAATTCCTGCAACAGCGGTCCCAGGAGAACAAGAGACAGGT,90
CAATTGGTCTTTTACCTCAGGAGTCTCTGAGGTCATAAACTCTGTT,91
AAAGAGATACTTGATAGCTGCTGTTTCCGTGGTTGAAATATTTGTG,92
TACGGTTTAGTTCACCACAGAGGTTGCCAGTGAGCAGTGCATAAGA,93
CTCAGTGATTTTAACGCCAGTTGTTTCAGTTGCTAAAACTAGTACC,94
GAGGTTAGCTTTGACATGGGCTGTTGCAGTGGTCGGTGACTAGGTA,95
TTGCTTACCTTAGACTTTTGAAGTCTCAGTTGTCTCATTGTGCAAC,96
CAGCAGGGGTAGAACCACTGCTGTGGCAGTGGCAGAAGGGCTGTTG,97
AGCCTCTCCTTCTCCATCTGCAGTTGCTGCAGTCGCATCTGTTGCT,98
AGTGGGGATCCAGGCTACAGGAGTGGCAGATGTCAGACCACCTCTC,99
AAGATTGATCTCTGTGACAGTGGTCTTTGTAGTCAGCTAAATTTAA,100
CAACAAGGACAGTACCACTGCAGTGGCAGTGGCAGAGGCAGAGGAG,101
CTTCACCACTCCTAACCACAGAAGCACCTGTTGTCAGCAAATTCAG,102
TTCTCTGGCTTCTCCACTTGGGGTGGCCGAGGTCAGGAGGGCCCAA,103
TACTGGTTTATTTACTTCTGAGGTCTGAGTGGTGGAAGGATAGCCT,104
GCAGGAAAGAAAAACATCTGAGGTCTCAGTGGTCTGAAAGAATTAG,105